BananaID,Rating
Banana Pictures Post-treatment/IMG_5122.jpeg,72
Banana Pictures Post-treatment/IMG_5119.jpeg,67
Banana Pictures Pre-treatment/IMG_5070.jpeg,47
Banana Pictures Post-treatment/IMG_5109.jpeg,63
Banana Pictures Post-treatment/IMG_5116.jpeg,52
Banana Pictures Post-treatment/IMG_5101.jpeg,59
Banana Pictures Post-treatment/IMG_5121.jpeg,67
Banana Pictures Post-treatment/IMG_5104.jpeg,65
Banana Pictures Post-treatment/IMG_5130.jpeg,75
Banana Pictures Pre-treatment/IMG_5063.jpeg,46
Banana Pictures Pre-treatment/IMG_5076.jpeg,54
Banana Pictures Post-treatment/IMG_5106.jpeg,56
Banana Pictures Post-treatment/IMG_5117.jpeg,55
Banana Pictures Pre-treatment/IMG_5060.jpeg,47
Banana Pictures Post-treatment/IMG_5110.jpeg,78
Banana Pictures Pre-treatment/IMG_5056.jpeg,45
Banana Pictures Post-treatment/IMG_5125.jpeg,81
Banana Pictures Pre-treatment/IMG_5085.jpeg,44
Banana Pictures Pre-treatment/IMG_5074.jpeg,34
Banana Pictures Post-treatment/IMG_5108.jpeg,53
Banana Pictures Pre-treatment/IMG_5066.jpeg,50
Banana Pictures Pre-treatment/IMG_5061.jpeg,53
Banana Pictures Pre-treatment/IMG_5079.jpeg,42
Banana Pictures Pre-treatment/IMG_5075.jpeg,46
Banana Pictures Pre-treatment/IMG_5069.jpeg,61
Banana Pictures Post-treatment/IMG_5114.jpeg,70
Banana Pictures Pre-treatment/IMG_5062.jpeg,53
Banana Pictures Pre-treatment/IMG_5058.jpeg,50
Banana Pictures Pre-treatment/IMG_5082.jpeg,47
Banana Pictures Pre-treatment/IMG_5065.jpeg,56
Banana Pictures Pre-treatment/IMG_5081.jpeg,45
Banana Pictures Pre-treatment/IMG_5068.jpeg,58
Banana Pictures Post-treatment/IMG_5112.jpeg,58
Banana Pictures Post-treatment/IMG_5128.jpeg,66
Banana Pictures Post-treatment/IMG_5118.jpeg,70
Banana Pictures Pre-treatment/IMG_5057.jpeg,47
Banana Pictures Pre-treatment/IMG_5083.jpeg,45
Banana Pictures Pre-treatment/IMG_5078.jpeg,57
Banana Pictures Pre-treatment/IMG_5072.jpeg,41
Banana Pictures Pre-treatment/IMG_5059.jpeg,58
Banana Pictures Pre-treatment/IMG_5071.jpeg,45
Banana Pictures Post-treatment/IMG_5127.jpeg,72
Banana Pictures Post-treatment/IMG_5111.jpeg,73
Banana Pictures Pre-treatment/IMG_5064.jpeg,42
Banana Pictures Post-treatment/IMG_5115.jpeg,75
Banana Pictures Post-treatment/IMG_5123.jpeg,68
Banana Pictures Post-treatment/IMG_5100.jpeg,53
Banana Pictures Post-treatment/IMG_5120.jpeg,53
Banana Pictures Pre-treatment/IMG_5077.jpeg,43
Banana Pictures Post-treatment/IMG_5129.jpeg,56
Banana Pictures Pre-treatment/IMG_5073.jpeg,56
Banana Pictures Post-treatment/IMG_5103.jpeg,71
Banana Pictures Post-treatment/IMG_5131.jpeg,67
Banana Pictures Post-treatment/IMG_5105.jpeg,71
Banana Pictures Pre-treatment/IMG_5067.jpeg,43
Banana Pictures Pre-treatment/IMG_5080.jpeg,44
Banana Pictures Pre-treatment/IMG_5084.jpeg,56
Banana Pictures Post-treatment/IMG_5126.jpeg,59
Banana Pictures Post-treatment/IMG_5107.jpeg,68
Banana Pictures Post-treatment/IMG_5124.jpeg,59